Rk,Player,Twitter
1,Alexis Ajinça,AjincaAlexis42
2,Morris Almond,FreeMoAlmond
3,Giannis Antetokounmpo,Giannis_An34
4,Ömer Aşık,AsikOmer
5,Gustavo Ayón,Gustavo_Ayon15
6,Leandro Barbosa,TheBlurBarbosa
7,Andrea Bargnani,AndreaBargnani
8,Nicolas Batum,nicolas88batum
9,Marco Belinelli,marcobelinelli
10,Jonathan Bender,jonathanbender9
11,Keith Benson,RealKITO
12,Bismack Biyombo,bismackbiyombo
13,Andray Blatche,drayblatche
14,Craig Brackins,Cbrackins_33
15,Primož Brezec,Primozbrezec
16,Jon Brockman,MrJonBrockman
17,Derrick Brown,D_Brown4
18,Derrick Caracter,RebuildCaracter
19,Omri Casspi,Casspi18
20,Tyson Chandler,tysonchandler
21,Victor Claver,Victor_Claver
22,Sherron Collins,SHERRONCOLLINS4
23,Daequan Cook,DC4Three
24,Joe Crawford,JoeCrawford5
25,Zabian Dowdell,zayrd1
26,Goran Dragić,Goran_Dragic
27,Devin Ebanks,DevinEbanks3
28,Patrick Ewing,pewingjr6
29,Christian Eyenga,christeyenga31
30,Festus Ezeli,festus
31,Evan Fournier,EvanFourmizz
32,J.R. Giddens,JGidd4
33,Rudy Gobert,rudygobert27
34,Marcin Gortat,MGortat
35,Donté Greene,dontegreeneCOS
36,Taylor Griffin,tgriff32
37,Hamed Haddadi,HamedHaddadi15
38,Ben Hansbrough,bhans23
39,Justin Harper,Tru_Harp32
40,Terrel Harris,T_Harris87
41,Cory Higgins,chiggins11
42,Nenê,NeneHilario42
43,Darington Hobson,ParkaySmooth
44,Tyler Honeycutt,thoneycutt23
45,Dennis Horner,DHorner31
46,Lester Hudson,Lester26Hudson
47,Chris Hunter,biggame_hunter
48,Ersan İlyasova,Ersan
49,Darnell Jackson,DBlock_Official
50,Stephen Jackson,DaTrillStak5
51,Damion James,KONJames10
52,Othyus Jeffers,OthyusTheGreat
53,Jonas Jerebko,JonasJerebko
54,Eugene Jeter,PoohJeter
55,Amir Johnson,IamAmirJohnson
56,Armon Johnson,AJALLDAY1
57,Darius Johnson-Odom,KingMe_DJ1
58,DeQuan Jones,DequanMJones
59,Kris Joseph,RealKrisJo
60,Travis Leslie,FlightLeslie23
61,Shaun Livingston,ShaunLivingston
62,Scott Machado,_ScottMachado
63,Vernon Macklin,vernon_macklin
64,Ian Mahinmi,ianmahinmi
65,C.J. Miles,masfresco
66,Earl Monroe,EarlThePearl_15
67,Donatas Motiejūnas,DonatasMot
68,Kevin Murphy,KMurph_55
69,Boštjan Nachbar,BokiNachbar
70,Nerlens Noel,NerlensNoel3
71,Lucas Nogueira,Bebe92
72,Jermaine O'Neal,jermaineoneal
73,Charles Oakley,CharlesOakley34
74,Fabricio Oberto,obricio7
75,Zaza Pachulia,zaza27
76,Jeremy Pargo,ImJustPargo
77,Kendrick Perkins,KendrickPerkins
78,Mickaël Piétrus,MickaelPietrus
79,Pablo Prigioni,PPrigioni9
80,Dennis Rodman,dennisrodman
81,Dennis Schröder,DS17_FG
82,Thabo Sefolosha,ThaboSefolosha
83,Kevin Séraphin,french_savage
84,Tornike Shengelia,TokoShengelia23
85,Xavier Silas,XavierSilas
86,Garret Siler,Big_G_21
87,Sean Singletary,SeanSingletary
88,Jerry Smith,JSmith_8
89,Nolan Smith,NdotSmitty
90,Amar'e Stoudemire,Amareisreal
91,Jermaine Taylor,jtaylor8ball
92,Mirza Teletović,Teletovic33
93,Mychel Thompson,MychelThompson
94,Alando Tucker,DoeTuck
95,Hedo Türkoğlu,hidoturkoglu15
96,Jeremy Tyler,jeremytyler3
97,Beno Udrih,BenoUdrih1
98,Anderson Varejão,VAREJAOANDERSON
99,Jan Veselý,JanVesely24
100,Sasha Vujačić,SashaVujacic
101,Kyle Weaver,kyleweaver5
102,Martell Webster,MartellWebster
103,Sonny Weems,Sonny13
104,D.J. White,dj_white3
105,Royce White,Highway_30
106,Hassan Whiteside,youngwhiteside
107,Jordan Williams,Jwilliams20
108,Lou Williams,TeamLou23
109,Terrence Williams,TheRealTWill
110,Sam Young,SamYoung4
111,Luke Zeller,LukeZeller40
112,Ricky Ledo,REALRICKLEDO1
113,D.J. Stephens,DdotJAY30
114,Scotty Hopson,Shopson32
115,Dante Exum,daanteee
116,Jusuf Nurkić,bosnianbeast27
117,Bruno Caboclo,Bruno_Caboclo
118,Clint Capela,CapelaClint
119,Bogdan Bogdanović,LeaderOfHorde
120,Damien Inglis,DamienINGLIS
121,Edy Tavares,waltertavares22
122,Thanasis Antetokounmpo,Thanasis_ante43
123,Nemanja Dangubić,DangubicNemanja
124,JaKarr Sampson,KarrSampson14
125,Dee Bost,1DEEBOST
126,Jack Cooley,JackCooligan45
127,Eric Moreland,EricMoreland15
128,Damjan Rudež,Damjan_Rudez
129,JaMychal Green,Jmyke1
130,Josh Davis,JoshDavis_22
131,Patric Young,PatricYoung4
132,Bojan Bogdanović,44Bojan
133,David Stockton,dstockton32
134,Jarell Eddie,JarellEddie
135,Casey Prather,cprather24
136,Jamil Wilson,jamilwilson_22
137,Andre Dawkins,dre_dawkins
138,Shawn Jones,Slim_J12
139,Khem Birch,Khem_Birch
140,Langston Galloway,LangGalloway10
141,Travis Wear,traviswear
142,Aaron Craft,ACraft4
143,Mitchell Watt,mitchell_watt
144,Alex Oriakhi,aoriakhi42
145,Pierre Jackson,PAPPYGAWD
146,Brock Motum,brockm12
147,Tarik Black,TarikBlack25
148,Brady Heslip,bradyheslip
149,Deonte Burton,DeonteBurton
150,Tim Frazier,Timfraz23
151,Christian Watford,Cwat205
152,Kalin Lucas,Kjay24k
153,Joe Ingles,Joeingles7
154,Akil Mitchell,ajmitchell25
155,Roscoe Smith,scoesh0w
156,Jerel McNeal,jerel_mcneal
157,Sean Kilpatrick,SeanKilpatrick
158,Álex Abrines,alexabrines
159,Raul Neto,RaulTogni
160,Arsalan Kazemi,kazemiworld
161,Joffrey Lauvergne,1JOLOLO
162,Deshaun Thomas,Deshaunthomas_0
163,Tomáš Satoranský,satoransky
164,Furkan Aldemir,furkanaldemir19
165,İlkan Karaman,ilknkrmn
166,Marcus Denmon,MizzouMonster12
167,Dāvis Bertāns,DBertans_42
168,Nemanja Bjelica,NemanjaBjelica
169,Latavious Williams,taybowl_
170,Sergio Llull,23Llull
171,Georgios Printezis,pripripri15
172,Cenk Akyol,cenkakyol
173,Sofoklis Schortsanitis,BigSofoGR
174,Elijah Millsap,Elijah_Millsap
175,Richard Solomon,richxsolo3
176,C.J. Fair,cjfair
177,Chris Crawford,clutchcrawford3
178,Karl-Anthony Towns,KarlTowns
179,D'Angelo Russell,Dloading
180,Kristaps Porziņģis,kporzee
181,Mario Hezonja,mariohezonja
182,Stanley Johnson,iAmSJ
183,Justise Winslow,IAmJustise
184,Myles Turner,Original_Turner
185,Trey Lyles,TreyLyles
186,Devin Booker,DevinBook
187,Cameron Payne,campayne
188,Kelly Oubre Jr.,KELLYOUBREJR
189,Terry Rozier,T_Rozzay3
190,Rashad Vaughn,ShowtimeMr1
191,Sam Dekker,dekker
192,Delon Wright,delonwright
193,Bobby Portis,BPortistime
194,Rondae Hollis-Jefferson,IAmCHAP24
195,Tyus Jones,1Tyus
196,Jarell Martin,MartinJarell
197,Nikola Milutinov,NMilutinov
198,Larry Nance Jr.,Larrydn22
199,Chris McCullough,briskuno
200,Kevon Looney,Loon_Rebel5
201,Cedi Osman,cediosman
202,Montrezl Harrell,MONSTATREZZ
203,Jordan Mickey,Jmickey_02
204,Anthony Brown,TwoShotOne
205,Willy Hernangómez,willyhg94
206,Rakeem Christmas,R_Xmas25
207,Richaun Holmes,Rich_Holmes22
208,Darrun Hilliard,DHilliard6X
209,Josh Richardson,J_Rich1
210,Joe Young,JoeyBuckets3
211,Andrew Harrison,DrewRoc5
212,Marcus Thornton,M3Thornton
213,Norman Powell,npowell2404
214,Artūras Gudaitis,GudaitisAG
215,Dakari Johnson,DakariJohnson
216,Aaron White,Aaron_White30
217,Tyler Harvey,YoungTRaaw
218,Satnam Singh,hellosatnam
219,Sir'Dominic Pointer,Sirdom1
220,Dani Díez,danidiez11
221,Cady Lalanne,Lac25_
222,Nikola Radičević,nikoradicevic
223,Luka Mitrović,mitar_mitar9
224,Ryan Boatright,Ryanboatright11
225,Maurice Ndour,Mauricendure
226,Cristiano Felício,IamFelicio
227,Cliff Alexander,CAlexander
228,Melvin Ejim,MelvinEjim
229,Terran Petteway,_TP5
230,T.J. McConnell,TJMcConnell
231,Scottie Wilbekin,scottiew_5
232,Aaron Harrison,AaronICE2
233,Christian Wood,Chriswood_5
234,Boban Marjanović,BobanMarjanovic
235,Jonathon Simmons,ThaRealJsimms
236,Michale Kyser,MichaleKyser
237,Axel Toupane,toups_33
238,Shannon Scott,3SScott
239,Salah Mejri,50Mejri
240,Treveon Graham,TreBall21
241,Levi Randolph,LeviRandolph20
242,Malcolm Miller,MalcMili13
243,Brad Wanamaker,phillybul_22
244,Michael Stockton,MikeStock20
245,John Holland,Jholland_23
246,Jacob Pullen,Jpullz0
247,Jonathan Gibson,jgiblife
248,Lazeric Jones,Zeek_Jones11
249,Mac Koshwal,Macmainstreet
250,Xavier Gibson,zaygibson
251,Malcolm Delaney,foe23
252,Romero Osby,ROEOSBY24
253,Jared Berggren,jberggren40
254,Keith Clanton,Im_Keithclanton
255,Rodney Williams,YeahRod24
256,Trevor Mbakwe,TMbakwe32
257,Jayson Granger,jaygranger11
258,Tim Abromaitis,timabro21
259,Omar Reed,DaJuice55
260,Korie Lucious,KorieLucious
261,E.J. Singler,EJSingler
262,Jamelle Hagins,JamelleHagins
263,Michael Dunigan,DarknessRises17
264,Rašid Mahalbašić,RasidMahalbasic
265,Angelo Sharpless,Lo_Tatted
266,C.J. Leslie,ncsu_cleslie
267,Eloy Vargas,EVargas30
268,Max Kouguere,MaxOnTwitter
269,Zeke Marshall,Ziggy_Marsh
270,Scott Wood,ScottWood15
271,D.J. Seeley,vitaminDseeley
272,Durand Scott,durand_scott
273,Anthony Marshall,ANT_MARZ3
274,Brandon Triche,BrandonTriche
275,Alexandre Paranhos,paranhos_24
276,Scott Suggs,scottro15
277,Jordan Taylor,JMTaylor11
278,Devin Booker,DevinBooker31
279,Junior Cadougan,JRwontLOSE
280,Brandon Paul,BP3
281,Alade Aminu,Aminu_34
282,Marcelo Huertas,Huertas09
283,Nick Wiggins,Wiggys__WORLD
284,Jon Horford,Horford4rep
285,Jordan Sibert,Smooth_Jordan
286,Dan Nwaelele,DanielNwaelele
287,Corey Webster,cwebster9
288,Will Cummings,willcummings_
289,Denzel Livingston,denzel_trey10
290,Chris Walker,kingsky23
291,Jordan Bachynski,BLOCKchynski
292,Quinn Cook,QCook323
293,Youssou Ndoye,yndoye35
294,Keifer Sykes,ksykesyb
295,Michael Qualls,Mr_WALKONAIR
296,Dez Wells,_DezWells
297,Sam Thompson,SlamIAm12
298,Jason Washburn,jaywash42
299,Mirza Begić,BegicMirzaBM
300,Briante Weber,Sir_deuce2
301,Mike Cobbins,The1_MikeCobbs
302,Alan Williams,alantwilliams
303,Xavier Munford,xaviermunford
304,Courtney Fells,Papi_Fells
305,Ben Simmons,BenSimmons25
306,Brandon Ingram,B_Ingram13
307,Dragan Bender,DBender03
308,Kris Dunn,KrisDunn3
309,Buddy Hield,buddyhield
310,Jamal Murray,BeMore27
311,Marquese Chriss,quese
312,Jakob Poeltl,JakobPoeltl
313,Domantas Sabonis,Dsabonis11
314,Taurean Prince,taureanprince
315,Georgios Papagiannis,G_P_06
316,Denzel Valentine,denzelvalentine
317,Juancho Hernangómez,juanchiviris41
318,Guerschon Yabusele,DTP_Mario
319,Wade Baldwin,The_Fourth_Wade
320,Henry Ellenson,HenryEllenson13
321,Malik Beasley,Mb5Malik
322,Caris LeVert,CarisLeVert
323,DeAndre' Bembry,fearthefro95
324,Malachi Richardson,KingMali23
325,Ante Žižić,Ante__Zizic
326,Brice Johnson,bjohnson_23
327,Furkan Korkmaz,FurkanKorkmaz
328,Pascal Siakam,pskills43
329,Skal Labissière,OneBigHaitian
330,Dejounte Murray,DejounteMurray
331,Damian Jones,dameology
332,Deyonta Davis,DeyontaDavis_04
333,Ivica Zubac,ivicazubac
334,Cheick Diallo,cheick_diallo13
335,Tyler Ulis,tulis3
336,Malcolm Brogdon,MalcolmBrogdon7
337,Chinanu Onuaku,chinanu_onuaku
338,Patrick McCaw,PMcCaw0
339,Diamond Stone,Diamond_Stone33
340,Stephen Zimmerman,BIGG_ZIMM
341,Isaiah Whitehead,isaiahwhitehead
342,Zhou Qi,officialzhouqi
343,Isaïa Cordinier,izaycordinier
344,Demetrius Jackson,D_Jay11
345,Jake Layman,JLayman10
346,Paul Zipser,paulzzip
347,Michael Gbinije,mikegbinije
348,Georges Niang,GeorgesNiang20
349,Ben Bentil,benbentil
350,Joel Bolomboy,Bolomboy21
351,Marcus Paige,marcuspaige5
352,Marshall Plumlee,marshallplumlee
353,Mindaugas Kuzminskas,MKuzminskas
354,Stefan Janković,StefanJ33
355,Dorian Finney-Smith,doefinney_10
356,Okaro White,owhite10
357,Danuel House Jr.,DanuelHouseJr
358,Nicolás Brussino,nicoobrussino
359,Ryan Arcidiacono,RyArch15
360,Bryn Forbes,BrynjForbes
361,Fred VanVleet,FredVanVleet
362,Matt Costello,MattCostello10
363,Kyle Collinsworth,bigrussia5
364,Jameel Warney,Fullcoursemeelz
365,Yogi Ferrell,YogiFerrell11
366,Sheldon Mac,sheldonmacc
367,Mike Tobey,miketobey10
368,Tim Quarterman,TimQuarterman1
369,Patricio Garino,patitogarino
370,Ron Baker,RonBaker31
371,Troy Williams,troywilliams_
372,Jarrod Uthoff,Mr_Uthoff
373,Wayne Selden,WayneSeldenJr
374,Chasson Randle,ChassonRandle
375,Yanick Moreira,Ymoreira02
376,Marcus Georges-Hunt,GTMGH3
377,Alex Poythress,AlexTheGreat22
378,Zach Auguste,ZachEliAuguste
379,Andrew Andrews,Drew_squared
380,Rasheed Sulaimon,sheed_ctmd1
381,D'Vauntes Smith-Rivera,DSR43
382,C.J. Williams,C_Will21
383,Damion Lee,Dami0nLee
384,J.J. Avila,NotLilJay
385,Derrick Jones Jr.,TheRea1DJones
386,Kyle Wiltjer,kwiltj
387,Isaiah Taylor,Zay_Ctmd11
388,Alex Caruso,ACFresh21
389,Thomas Walkup,twalkup23
390,Nicolás Laprovíttola,nicolapro7
391,Gracin Bakumanya,gbakumanya
392,Derek Cooke,DCookeJr
393,Josh Magette,joshmagette
394,Vashil Fernandez,vashilluv_bball
395,Mamadou N'Diaye,mamadoundiaye14
396,Le'Bryan Nash,LBgetbuckets02
397,Markelle Fultz,MarkelleF
398,Lonzo Ball,ZO2_
399,Jayson Tatum,jaytatum0
400,Josh Jackson,j_josh11
401,De'Aaron Fox,swipathefox
402,Jonathan Isaac,JJudahIsaac
403,Lauri Markkanen,MarkkanenLauri
404,Frank Ntilikina,FrankLikina
405,Dennis Smith Jr.,Dennis1SmithJr
406,Malik Monk,AhmadMonk
407,Luke Kennard,LukeKennard5
408,Donovan Mitchell,spidadmitchell
409,Bam Adebayo,Bam1of1
410,Justin Jackson,JJacks_44
411,Justin Patton,JustinPatton17
412,D.J. Wilson,Lanky_Smoove
413,T.J. Leaf,leafsquad22
414,John Collins,jcollins20_
415,Harry Giles,HGiiizzle
416,Terrance Ferguson,Fergskii
417,Jarrett Allen,_bigjayy_
418,Tyler Lydon,Tyler_Lydon14
419,Anžejs Pasečņiks,AnzejsP
420,Caleb Swanigan,calebswanigan50
421,Kyle Kuzma,kylekuzma
422,Tony Bradley,ToBrad1
423,Derrick White,Dwhite921
424,Josh Hart,joshhart
425,Frank Jackson,FWJackson15
426,Davon Reed,ClutchREED_5
427,Wes Iwundu,_Iwundu25
428,Frank Mason III,FrankMason0
429,Ivan Rabb,YoungIvee
430,Jonah Bolden,Jonahbolden43
431,Jawun Evans,j3vans1_
432,Tyler Dorsey,TDORSEY_1
433,Thomas Bryant,nolimittb31
434,Isaiah Hartenstein,Ipjh55
435,Sterling Brown,thatnegus_sb
436,Ike Anigbogu,IkePostrs_
437,Sindarius Thornwell,Sin_City_803
438,Vlatko Čančar,CancarVlatko
439,Mathias Lessort,ThiasLsf
440,Monte Morris,BigGameTae
441,Alec Peters,petersalec
442,Nigel Williams-Goss,NigelWG5
443,Jabari Bird,Jabari_Bird
444,Jaron Blossomgame,JaronBgame
445,Kobi Simmons,JordanKobi
446,Miloš Teodosić,MilosTeodosic4
447,Cameron Oliver,SpaceCamm
448,Jalen Moore,JalenMoore14
449,Alfonzo McKinnie,_Alvo_
450,Maxi Kleber,MaxiKleber
451,Devin Robinson,drob7nson
452,Antonio Blakeney,blakeney96
453,Chris Boucher,chrisboucher
454,Royce O'Neale,BucketsONeale00
455,Torrey Craig,TCraig_23
456,Matt Williams,1mattwill2
457,Daniel Theis,dtheis10
458,Landry Nnoko,landry_nnoko
459,Gian Clavell,clavelito04
460,Mangok Mathiang,M_Mango32
461,Charles Cooke,c4_cooke
462,Isaiah Hicks,IDHicks
463,Milton Doyle,MDLU35
464,PJ Dozier,Dozier_Kid
465,V.J. Beachem,VJBeachem
466,Jacob Wiley,Jwiley_24
467,Ben Moore,JaminTheFiend
468,Antonius Cleveland,ac_uno1
469,Andrew White,AndrewWhite03
470,Nigel Hayes,NIGEL_HAYES
471,Jamel Artis,melartis1
472,Troy Caupain,caupain10
473,Xavier Rathan-Mayes,xrm_22
474,London Perrantes,London_Tyus
475,Tyler Cavanaugh,tycav34
476,Matt Jones,matt9jones
477,Trey McKinney-Jones,TreyMJ04
478,Naz Mitrou-Long,NazzyJML
479,Isaiah Briscoe,ZayBriscoe
480,Terry Henderson,t_henny3
481,Jaylen Johnson,JayGlooo10
482,JaJuan Johnson,JaJuanJohnson
483,Amida Brimah,amidabrimah
484,Bryce Alford,balford20
485,Taylor Braun,taylorbraun2324
486,LaDontae Henton,HentonBuckets23
487,Rodney Purvis,Gpurvooo
488,Torian Graham,Torian_Graham
489,Daniel Dixon,DanielD_Dixon
490,Tahjere McCall,215tahj
491,Yannis Morin,YannisMorin
492,Isaac Hamilton,Isaacham_10
493,Davion Berry,DavionBerry
494,Kendall Pollard,__KP
495,Marc Loving,lovingthegame32
496,Yakuba Ouattara,yakubaouattara
497,Myke Henry,mykehenry20
498,Josh Gray,ThatsJoshGray
499,Walt Lemon Jr.,WaltLemon
500,Jaylen Morris,jay_morris30
501,Deandre Ayton,DeandreAyton
502,Marvin Bagley III,MB3FIVE
503,Luka Dončić,luka7doncic
504,Jaren Jackson Jr.,jarenjacksonjr
505,Trae Young,TheTraeYoung
506,Mo Bamba,TheRealMoBamba
507,Wendell Carter Jr.,wendellcarter34
508,Collin Sexton,CollinSexton02
509,Kevin Knox,KevKnox
510,Mikal Bridges,mikal_bridges
511,Shai Gilgeous-Alexander,shaiglalex
512,Miles Bridges,MilesBridges
513,Michael Porter Jr.,MPJr
514,Troy Brown Jr.,Troy_Brown33
515,Zhaire Smith,zhaire_smith
516,Donte DiVincenzo,Divincenzo
517,Lonnie Walker IV,lonniewalker_4
518,Kevin Huerter,KevinHuerter
519,Josh Okogie,CallMe_NonStop
520,Grayson Allen,GraysonJAllen
521,Aaron Holiday,The_4th_Holiday
522,Anfernee Simons,AnferneeSimons
523,Moritz Wagner,moritz_weasley
524,Landry Shamet,landryshamet
525,Robert Williams,rob_williamsIII
526,Jacob Evans,JacobEvans_1
527,Džanan Musa,DzMusa
528,Omari Spellman,Omarispellman
529,Elie Okobo,ElieOkobo_0
530,Jevon Carter,nextlevel_03
531,Jalen Brunson,jalenbrunson1
532,Devonte' Graham,Devonte4Graham
533,Mitchell Robinson,23savage____
534,Gary Trent Jr.,gtrentjr
535,Khyri Thomas,Khyri_2
536,Isaac Bonga,isaacbonga
537,Rodions Kurucs,RODIONS1
538,Jarred Vanderbilt,JVando
539,Bruce Brown,BruceBrown11
540,Issuf Sanon,SanonIssuf
541,Hamidou Diallo,hamidoudiallo
542,De'Anthony Melton,DeAnthonyMelton
543,Svi Mykhailiuk,Sviat_10
544,Keita Bates-Diop,KBD_33
545,Chimezie Metu,Chimezie_Metu
546,Alize Johnson,AlizeJohnson
547,Vince Edwards,VE_12
548,Shake Milton,SniperShake
549,Arnoldas Kulboka,kulboka98
550,Ray Spalding,RaySpalding_4
551,Kevin Hervey,kherv_25
552,Thomas Welsh,tomwelsh40
553,George King,2bkings
554,Malik Newman,iammaliknewman
555,Jaylen Adams,10jadams
556,J.P. Macura,jpmacura
557,Ángel Delgado,AngelDelgado
558,Duncan Robinson,D_Bo20
559,Ryan Broekhoff,RBroekhoff45
560,Yuta Watanabe,wacchi1013
561,Kenrich Williams,williamskenrich
562,Joel Berry,JoelBerryII
563,Trevon Duval,DatGuy_Trey
564,Daryl Macon,_dmacon4
565,Terry Larrier,_TL22
566,Wenyen Gabriel,WenyenGabriel
567,Brandon McCoy,Mccoy_blvd
568,Jairus Lyles,_jlyles
569,Jordan McLaughlin,itsmclaughlin11
570,Johnny Hamilton,johnny_tall
571,Theo Pinson,tpinsonn
572,Codi Miller-McIntyre,CMMPatience
573,Johnathan Williams,Iam_J3
574,Gary Clark,Gary11_Clark
575,Jaylen Barford,Jbarford1
576,Norvel Pelle,NorvelPelle05
577,Emanuel Terry,EmanuelTerry08
578,Jordan Loyd,mrjloyd
579,Jordan Barnett,JBounce33
580,Zach Lofton,ZachLofton
581,DeVaughn Akoon-Purcell,dap44_
582,Doral Moore,Dmo2Tall
583,Trey Lewis,Treylew3
584,Donte Grantham,DonteGrantham32
585,Brandon Goodwin,goodysav
586,Gabe York,gabeyork32
587,Jeff Roberson,j5robe
588,Nick King,CrownMeKing5_
589,Tiwian Kendley,princeofharlem8
590,Deng Adel,Foreverdeng
591,Bonzie Colson,Bacolson35
592,Ike Nwamu,ike_nwamu
593,Tyrius Walker,iam_twalk
594,Drew Eubanks,DrewEubanks12
595,Jonathan Stark,jonathanstark02
596,Ismaila Kane,ladsame1997
597,Phillip Carr,PhilippeChow_
598,Taren Sullivan,sullyballer1423
599,Gabe Vincent,iamgabevincent2
600,Billy Garrett,BGarrett_5
601,Paul Watson,_PWJiii
602,Jeff Coby,JC40A3
603,Isaac Humphries,IsaacHumphries7
604,Donte Ingram,kingram_0
605,C.J. Anderson,cjanderson_23
606,Ángel Rodríguez,angel13pr
607,Raphiael Putney,RRPUTNEY3
608,William Lee,Haha34lee1
609,Canyon Barry,cbarry719
610,Demetrius Denzel-Dyson,DenzelDyson22
611,Tim Bond,itsbout_TIM
612,Stephan Hicks,SmoovSteph
613,Dairis Bertāns,DairisBertans
614,Dusty Hannahs,D_Hannahs
615,Jemerrio Jones,JemerrioJ
616,Zion Williamson,Zionwilliamson
617,Ja Morant,JaMorant
618,RJ Barrett,RjBarrett6
619,De'Andre Hunter,DreHunter
620,Darius Garland,dariusgarland22
621,Coby White,CobyWhite
622,Cam Reddish,camreddish
623,P.J. Washington,PJWashington
624,Tyler Herro,raf_tyler
625,Romeo Langford,yeahyeah22
626,Chuma Okeke,chuma_okeke
627,Nickeil Alexander-Walker,NickeilAW
628,Luka Šamanić,SamanicLuka
629,Matisse Thybulle,MatisseThybulle
630,Brandon Clarke,brandonclarke23
631,Grant Williams,Grant2Will
632,Darius Bazley,BazleyDarius
633,Nassir Little,2ez_nassie
634,Keldon Johnson,imthe_truth32
635,KZ Okpala,kz_okpala_
636,Cody Martin,cody_martin15
637,Daniel Gafford,Dan_G33
638,Justin James,1JustinJames
639,Eric Paschall,epaschall
640,Admiral Schofield,admiralelite15
641,Jaylen Nowell,JaylenNowell
642,Bol Bol,BolBol
643,Isaiah Roby,roby_isaiah
644,Talen Horton-Tucker,Thortontucker
645,Ignas Brazdeikis,_iggy_braz
646,Terance Mann,terance_mann
647,Quinndary Weatherspoon,IAM_QUINN11
648,Jarrell Brantley,jstuntbrantley
649,Tremont Waters,WatersTremont
650,Jalen McDaniels,jalenmcdaniels5
651,Justin Wright-Foreman,JayWright_3
652,Marial Shayok,MarialShayok
653,Kyle Guy,kylejguy
654,Jordan Bone,JordanBone23
655,Miye Oni,PrinceOni13
656,Dewan Hernandez,DewanGoesFor_20
657,Nicolò Melli,NikMelli
658,Naz Reid,NazReid
659,Amir Coffey,coffeyshop_
660,Dean Wade,deanwade3232
661,Garrison Mathews,gmathews_24
662,Jared Harper,Therealvinoo
663,John Konchar,konchjitty55
664,Kris Wilkes,kadw31
665,Luguentz Dort,luthebeast
666,Robert Franks,RoBo_22
667,Zach Norvell,ZachN_23
668,Ky Bowman,KyranBowman
669,Josh Reaves,jreaves23
670,Tyler Cook,iamtc25
671,Kelan Martin,kelan30_
672,Caleb Martin,Calebmartin14
673,Chris Silva,SilvaObame
674,Dakota Mathias,DMathias31
675,DaQuan Jeffries,daquanjeffries2
676,David Kramer,K7davidK
677,Devontae Cacok,Vontae__15
678,Hassani Gravett,BestThingSince_
679,Javonte Green,2Xtremebounce
680,Jeremiah Martin,4k_Jeremiah
681,Justin Robinson,5Alive_
682,Kyle Alexander,KyleJamal4
683,Oshae Brissett,Obrissy
684,Phil Booth,Philb_5
685,Shamorie Ponds,ShamorieP
686,Stanton Kidd,StantonKidd11
687,Tacko Fall,tackofall99
688,Vic Law,Followthe_LAW
689,William Howard,whow25
690,Alex Robinson,arob25_
691,Jalen Lecque,jalenlecque10
692,Vincent Poirier,viinze_17P
693,Juwan Morgan,juwanmorgan
694,Kenny Wooten,kennywootenjr
695,Terence Davis,TerenceDavisJr
696,Lamar Peters,headshotpeters_
697,Armoni Brooks,snipabrooks_
698,Marques Bolden,MarquesB__
699,Mychal Mulder,MychalMulder
700,Moses Brown,MosesBrown_
701,Juan Toscano-Anderson,juanonjuan10
702,Perrion Callandret,Perriontf
703,Bryce Brown,Bwb_2
704,John Bohannon,johnbohannon21
705,Javon Bess,Jb_Bizzle
706,Norense Odiase,kingno_
707,Yudai Baba,yudai_baba
708,Anthony Edwards,theantedwards_
709,Obi Toppin,obitoppin1
710,LaMelo Ball,MELOD1P
711,Killian Hayes,iam_killian
712,Isaac Okoro,isaacokoro303
713,Tyrese Haliburton,TyHaliburton22
714,Tyrese Maxey,TyreseMaxey
715,Precious Achiuwa,PreciousAchiuwa
716,Cole Anthony,The_ColeAnthony
717,Isaiah Stewart,Dreamville_33
718,Devin Vassell,Yvngdevo
719,Xavier Tillman Sr.,Rookiedunker
720,Kira Lewis Jr.,kiralewisjr
721,Jalen Smith,thejalen_smith
722,Zeke Nnaji,ZekeNnaji_Hoopz
723,Jaden McDaniels,Jmcdaniels7
724,Desmond Bane,DBane0625
725,Isaiah Joe,zai_joe1
726,Payton Pritchard,paytonpritch3
727,Immanuel Quickley,IQ_GodSon
728,Lamar Stevens,LamarStevens11
729,Abdoulaye N'Doye,Ndoye_11
730,Sean McDermott,SMcDermott30
731,Jae'Sean Tate,o_tate_
732,Bobby Brown,BBROWNLAU
733,Bubbles Hawkins,
734,Mo Howard,
735,Serge Ibaka,sergeibaka
736,Avery Johnson,CoachAvery6
737,Whitey Kachan,
738,Tarence Kinsey,TK_Kinsey
739,Dermie O'Connell,
740,Terry Porter,terryporter30
741,Tal Skinner,
742,Gene Stump,
743,Ben Wallace,FearTheFro
744,Bobby Watson,
745,Jānis Timma,janis_timma
746,Ryan Richards,ryanr1chards
747,Talib Zanna,talibzanna42
748,Jerian Grant,JerianGrant
749,Chris Goulding,ChrisGoulding43
750,Nick Minnerath,NickMinnerath
751,Timothé Luwawu-Cabarrot,timcabs
752,Petr Cornelie,Petr_Cornelie
753,Shaquille Harrison,ShaqHarrison_3
754,Gary Payton II,Garydwayne
755,Zach Collins,zcollins_33
756,Mike James,TheNatural_05
757,Derrick Walton,DerrickWalton10
758,Melo Trimble,TrimbleMelo
759,Amile Jefferson,AmileJefferson
760,George de Paula,_georgelucas14
761,Jerome Robinson,Rome_Coldbucks1
762,Melvin Frazier,melvinjrrr
763,Kostas Antetokounmpo,Kostas_ante13
764,Allonzo Trier,ISO_ZO
765,Deonte Burton,DeeBurton30
766,Joe Chealey,jace_emmanuel_
767,B.J. Johnson,Bean_J20
768,Haywood Highsmith,haywood24_7
769,Jarrett Culver,jarrettc08
770,Sekou Doumbouya,sekou_doums
771,Ty Jerome,tyjerome_
772,Kevin Porter Jr.,Kevinporterjr
773,Bruno Fernando,BrunoFernandoMV
774,Didi Louzada,Didi
775,Adam Mokoka,AdamMokoka_
776,Charlie Brown Jr.,charleskbrownjr
777,Louis King,LouisKing
778,Isaiah Miles,freakyzeke_32
779,Matt Thomas,Theiceman_21
780,Eric Mika,erc95
781,Amir Hinton,MirHinton_22
782,Kavion Pippen,kavionp33
783,Shaq Buchanan,ShaqLeroy
784,Aaron Nesmith,aaronnesmith24
785,Saddiq Bey,SaddiqBey
786,Tre Jones,Tre3Jones
787,Vernon Carey Jr.,vernoncarey22
788,Daniel Oturu,oturu65
789,Patrick Williams,patricklw4
790,Nico Mannion,niccolomannion
791,Cassius Stanley,cassius_stanley
792,Ty-Shon Alexander,5Tyshon
793,Leandro Bolmaro,BolmaroLeandro
794,Mamadi Diakite,_mdiakite
795,Lamine Diane,laminediane35
796,Paul Eboua,paul_eboua
797,Malik Fitts,MalikFitts
798,Jordan Ford,jordan_ford_
799,Josh Green,JoshBGreen
800,Ashton Hagans,H23Ash
801,Josh Hall,jay5mula
802,Jalen Harris,TheJalenHarris
803,Nate Hinton,thatup_coming14
804,Elijah Hughes,elijahhughes4_
805,Mason Jones,masonjones2
806,Nathan Knight,nateknght
807,Anthony Lamb,AnthonyMLamb
808,Saben Lee,SabenLee
809,Naji Marshall,MarshallNaji
810,Skylar Mays,skylarmays4
811,Sam Merrill,smerrill05
812,Jordan Nwora,JordanNwora
813,Aleksej Pokusevski,aleksejpokusevs
814,Trevelin Queen,trev_up
815,Paul Reed,Bball_paul
816,Nick Richards,iamnickrichards
817,Jay Scrubb,jayscrubb
818,Dwayne Sutton,DwayneSutton
819,Tyrell Terry,tyterry05
820,Killian Tillie,KillianTillie
821,Kahlil Whitney,KahlilWhitney
822,Robert Woodard II,Raw2512
823,Jahmi'us Ramsey,newanimprovedJR
824,Vit Krejci,v_krejci
825,Jahlil Tripp,Swaggy__jah
826,Zavier Simpson,Xaviersimpson3
827,Omer Yurtseven,omeryurtseven77
828,Nate Darling,natedarling14
829,Jake Toolson,jtoolgoinham
830,Jazian Gortman,
831,Mãozinha Pereira,
832,Malik Williams,
833,Alaa Abdelnaby,alaatweets
834,Kareem Abdul-Jabbar,kaj33
835,Shareef Abdur-Rahim,ShareefAbdur_R
836,Thomas Abercrombie,tomabo10
837,Max Abmas,maxabmas
838,Quincy Acy,QuincyAcy
839,Jalen Adams,ja4hunnid
840,Jordan Adams,jordanadams1231
841,Steven Adams,RealStevenAdams
842,Jalen Adaway,Jmamba3
843,Jeff Adrien,Adrien4
844,Ochai Agbaji,youngoch
845,Maurice Ager,moeager
846,C.J. Aiken,cjaiken01
847,Danny Ainge,danielrainge
848,James Akinjo,james_akinjo
849,Santi Aldama,santialdama
850,Cole Aldrich,colea45
851,LaMarcus Aldridge,aldridge_12
852,Trey Alexander,TrickyTrey23
853,Rawle Alkins,Iam_RawleAlkins
854,Angelo Allegri,AngeloAllegri_
855,Kadeem Allen,AllenKadeem
856,Lavoy Allen,chefVOYardee
857,Malik Allen,THEleekAllen30
858,Ray Allen,greenRAYn20
859,Timmy Allen,timmybuckets35
860,Tony Allen,aa000G9
861,Izan Almansa,izanalmansa
862,Derrick Alston Jr.,deejuusz
863,Philip Alston,Phlick___
864,Jose Alvarado,AlvaradoJose15
865,John Amaechi,JohnAmaechi
866,Al-Farouq Aminu,farouq1
867,Lou Amundson,LouAmundson17
868,Alan Anderson,ASqared06
869,Justin Anderson,JusAnderson1
870,Kenny Anderson,chibbs_1
871,Kyle Anderson,KyleAnderson5
872,Zach Andrews,21zachandrews
873,Braian Angola,Angola2411
874,O.D. Anosike,Anosike_1
875,Alex Antetokounmpo,alex_ante29
876,Carmelo Anthony,carmeloanthony
877,Greg Anthony,GregAnthony50
878,Robert Archibald,RobertArchibald
879,Gilbert Arenas,agentzeroshow
880,Trevor Ariza,TrevorAriza
881,Adonis Arms,adonis_arms_25
882,B.J. Armstrong,bjarmstrong
883,Mark Armstrong,markarmstr0ng1
884,Metta World Peace,MettaWorldPeace
885,Darrell Arthur,DarrellArthur00
886,Olu Ashaolu,O_Ash
887,Brandon Ashley,_Bash21
888,Eric Atkins,EAtkins0
889,Chase Audige,ChaseAudige
890,D.J. Augustin,augustinDj14
891,Joel Ayayi,joel_ayayi
892,Kelenna Azubuike,KAzubuike7
893,Udoka Azubuike,udoka35
894,Luke Babbitt,Realbabbitt08
895,Armando Bacot,iget_buckets35
896,Ibou Badji,DiankoIbou
897,Marcus Bagley,marcusbagley23
898,Amari Bailey,realamaribailey
899,Robert Baker Jr.,EzRobertB
900,Kamar Baldwin,kamar3baldwin
901,Patrick Baldwin Jr.,_pbaldwin23
902,Renaldo Balkman,R_Balkman32
903,LiAngelo Ball,LiAngeloBall
904,Mitch Ballock,Mitchbballin24
905,Paolo Banchero,Pp_doesit
906,James Banks III,1jamesbanks
907,Dalano Banton,DALANOBANTON
908,Cat Barber,catbarber1994
909,J.J. Barea,jjbareapr
910,Dominick Barlow,Dominickbarlow_
911,Harrison Barnes,hbarnes
912,Matt Barnes,Matt_Barnes22
913,Scottie Barnes,ScottBarnes561
914,Kyle Barone,KB33_
915,Earl Barron,earldee
916,Brent Barry,Barryathree
917,Rick Barry,Rick24Barry
918,Will Barton,WillTheThrillB5
919,Paris Bass,parisbass35
920,Charles Bassey,CB_ONES23
921,Emoni Bates,BatesEmoni
922,Shane Battier,ShaneBattier
923,Jamison Battle,battletime510
924,RaeQuan Battle,RaeQuanBattle
925,Damion Baugh,_swaggyd2_
926,Troy Baxter Jr.,WitnessTroy
927,Jerryd Bayless,jerrydbayless
928,Elgin Baylor,theelginbaylor
929,Aron Baynes,aronbaynes
930,Kent Bazemore,24Bazemore
931,Bradley Beal,RealDealBeal23
932,Justin Bean,justinbean34
933,Michael Beasley,Michael8easley
934,MarJon Beauchamp,Marjon32
935,Charles Bediako,CBediako
936,Beau Beech,beaubeech02
937,Reece Beekman,reece_beekman
938,Juhann Begarin,BegarinJuhann
939,Charlie Bell,flintstone14
940,Jordan Bell,1jordanbell
941,Troy Bell,TroyBellS2P
942,Anthony Bennett,AnthonyBennett
943,Jules Bernard,juleslbernard
944,Hugo Besson,HugoBesson8
945,Patrick Beverley,patbev21
946,Tyler Bey,Tbeeyy
947,Justin Bibbs,JustinBibbs10
948,Tarik Biberovic,Tarik_Biberovic
949,Kavell Bigby-Williams,Kavell6ft11
950,Chauncey Billups,1MrBigShot
951,Marcus Bingham Jr.,marcusbingham0
952,Goga Bitadze,GogaBiitadze
953,Onuralp Bitim,OnuralpBitim
954,Anthony Black,AnthonyBlack24_
955,Leaky Black,LeakyBlack
956,James Blackmon,JBlackmon2
957,DeJuan Blair,DeJuan45
958,Steve Blake,SteveBlake5
959,Eric Bledsoe,EBled2
960,Keljin Blevins,KelBlev_
961,Vander Blue,veezy_SQ
962,Trevon Bluiett,trevonbluiett5
963,Eric Boateng,ericboatenggh
964,Bennie Boatwright,benniebuckets__
965,Buddy Boeheim,Buddy_Boeheim35
966,Muggsy Bogues,MuggsyBogues
967,Andrew Bogut,andrewbogut
968,Matt Bonner,MattBonner_SAS
969,Trevor Booker,35_Fitz
970,Carlos Boozer,MisterCbooz
971,Chris Bosh,chrisbosh
972,Brandon Boston Jr.,bboston_
973,James Bouknight,jam3s210
974,Souley Boum,BucketsForSale_
975,Jamaree Bouyea,bouyea_ycl
976,Jordan Bowden,_TheRealJBow
977,Brian Bowen,tugs_
978,Bruce Bowen,Bowen12
979,Ryan Bowen,rybo40
980,Laurence Bowers,LBowers_21
981,Avery Bradley,Avery0Bradley
982,Pedro Bradshaw,PedroBshaw32
983,Malaki Branham,MalakiBranham
984,Christian Braun,Ballin25Braun
985,Corey Brewer,TheCoreyBrewer
986,Ronnie Brewer,RonnieBrewerJr
987,Jalen Bridges,jalenbridges_
988,Izaiah Brockington,TheOnlyiZB
989,Aaron Brooks,Thirty2zero
990,Dillon Brooks,dillonbrooks24
991,Eli Brooks,EliJBrooks
992,Garrison Brooks,__garro
993,Keion Brooks Jr.,keionb_12
994,MarShon Brooks,Marshon2
995,Alec Brown,AlecBrown21
996,Chaundee Brown Jr.,cbrownballin935
997,Darius Brown II,dariusbrownii
998,Dee Brown,deebrown11
999,Gabe Brown,_Going_Pro_
1000,Greg Brown III,gb3elite
1001,Jabari Brown,Bari_BrownIDF
1002,Jaylen Brown,FCHWPO
1003,Kendall Brown,TheeKbrown
1004,Kobe Brown,TheKobe24Brown
1005,Lorenzo Brown,Zo_Brown
1006,Markel Brown,iMarkelBrown22
1007,Terrell Brown,TerrellNBrown
1008,Tevin Brown,original_tev10
1009,Mike Bruesewitz,mbruesewitz31
1010,Elijah Bryant,Elijah_Bryant3
1011,Kobe Bryant,kobebryant
1012,Chase Budinger,CBudinger
1013,Kobe Bufkin,kb33zy_04
1014,Boo Buie,booboo_buie
1015,Reggie Bullock,ReggieBullock35
1016,Trey Burke,TreyBurke
1017,Alec Burks,AlecBurks10
1018,Antonio Burks,antonioburks
1019,Jordan Burns,iamjburns_1
1020,Scott Burrell,sburrell24
1021,Tre Bussey,
1022,Caron Butler,realtuffjuice
1023,Jared Butler,J_Hooper11
1024,Jimmy Butler,JimmyButler
1025,John Butler,john_e_butler
1026,Rasual Butler,RasualButler45
1027,Dwight Buycks,BizzleWorld20
1028,Matas Buzelis,BuzelisMatas
1029,Michael Cage,Exhoopsmc
1030,Jamal Cain,jamalcain24
1031,Nick Calathes,Nick_Calathes15
1032,José Calderón,JmCalderon
1033,Kentavious Caldwell-Pope,CaldwellPope
1034,Toumani Camara,toomany_buckets
1035,Marcus Camby,MarcusCamby23
1036,Facundo Campazzo,facucampazzo
1037,Isaiah Canaan,SiP03
1038,Devin Cannady,devin_cannady3
1039,Brian Cardinal,BrianCardinal
1040,Branden Carlson,ballerbranden35
1041,Jackie Carmichael,Jackie_C32
1042,Antoine Carr,AntoineCarr55
1043,Austin Carr,MrCavalier34
1044,Tony Carr,Tone10Carr
1045,DeMarre Carroll,DeMarreCarroll1
1046,Jeffrey Carroll,JeffCarrollJr
1047,Matt Carroll,matt13carroll
1048,Devin Carter,kingcarter2225
1049,Vince Carter,mrvincecarter15
1050,Michael Carter-Williams,mcarterwilliams
1051,D.J. Carton,DJCarton
1052,Stephon Castle,StephonCastle
1053,Colin Castleton,Castleton_
1054,Willie Cauley-Stein,THEwillieCS15
1055,Ahmad Caver,MAHDTHAGOD
1056,Malcolm Cazalon,malcolm_cazalon
1057,Cedric Ceballos,cedceballos
1058,Mario Chalmers,mchalmers15
1059,Julian Champagnie,JulianChampagn2
1060,Justin Champagnie,JusChampagnie
1061,Kennedy Chandler,KChandler_1
1062,Wilson Chandler,wilsonchandler
1063,Jamir Chaplin,Drippyjay24
1064,Clint Chapman,ChapFTW
1065,Rex Chapman,RexChapman
1066,Zylan Cheatham,1KingZ4
1067,Vitalis Chikoko,Vitah23
1068,Josh Childress,JChillin
1069,Yoeli Childs,yochilds22
1070,Chris Chiozza,Chiozza11
1071,Cam Christie,24cameronc
1072,Doug Christie,TheDougChristie
1073,Max Christie,Max12Christie
1074,Dionte Christmas,Dchristmas22
1075,Semaj Christon,SemajChriston
1076,Josh Christopher,Jaygup23
1077,Sidy Cissoko,sidycissoko1
1078,Ian Clark,IanClark
1079,Jaylen Clark,jayl7en
1080,Keydren Clark,KeydrenClark
1081,Kihei Clark,ClarkKihei
1082,Jordan Clarkson,JordanClarksons
1083,Nic Claxton,_claxton33
1084,Speedy Claxton,speeddeamon
1085,Mateen Cleaves,Mateen_Cleaves
1086,Chris Clemons,idropcoldbucks
1087,Donovan Clingan,clingan_donovan
1088,Noah Clowney,noahclowney
1089,Will Clyburn,Da_Thrill21
1090,Jake Cohen,jacohen15
1091,Derrick Coleman,44TheLegend
1092,Isaiah Collier,isaiahcollier04
1093,Jarron Collins,jarronctwin
1094,Yuri Collins,smoovYC1
1095,Darren Collison,Darren_Collison
1096,Nick Collison,nickcollison4
1097,George Conditt IV,george_conditt
1098,Mike Conley,mconley11
1099,Pat Connaughton,pconnaughton
1100,Will Conroy,CHILLCONROY
1101,Elgin Cook,Ecook23_
1102,Keandre Cook,_Drecook
1103,Javonte Cooke,
1104,Xavier Cooks,xaviercooks10
1105,Michael Cooper,ShowtimeCooper
1106,Sharife Cooper,SharifeCooper
1107,Bilal Coulibaly,Bilaal_6
1108,Ricky Council IV,Rickythe4th
1109,Vincent Council,DAy1_VC
1110,Ben Coupet Jr.,BenC_1
1111,DeMarcus Cousins,boogiecousins
1112,Robert Covington,Holla_At_Rob33
1113,Anthony Cowan Jr.,AnthonyCowanJr
1114,Allen Crabbe,allencrabbe
1115,Drew Crawford,TheRealDrewski1
1116,Isaiah Crawford,IsoooZaay
1117,Jamal Crawford,JCrossover
1118,Jordan Crawford,jcraw55
1119,Austin Croshere,AustinCroshere
1120,John Crotty,JohnCrottyHEAT
1121,Jae Crowder,CJC9BOSS
1122,Jalen Crutcher,Jalen_NoRose1
1123,Derek Culver,culver_derek
1124,Jarron Cumberland,Jarron3434
1125,Cade Cunningham,CadeCunningham_
1126,Dante Cunningham,DlamarC33
1127,Jared Cunningham,J1Flight
1128,Eddy Curry,Eddy_Curry
1129,Seth Curry,sdotcurry
1130,Stephen Curry,StephenCurry30
1131,Glen Dandridge,GlenDandridgeJr
1132,Caleb Daniels,c_cd21
1133,DeAndre Daniels,D_Daniels2
1134,Dyson Daniels,DysonDaniels
1135,Marquis Daniels,Marquis_Daniels
1136,Troy Daniels,troydaniels
1137,N'Faly Dante,nfaly_dante12
1138,Gigi Datome,GigiDatome
1139,Anthony Davis,AntDavis23
1140,Antoine Davis,Youngdvs13
1141,Baron Davis,BaronDavis
1142,Devin Davis,DevDavis15
1143,Ed Davis,eddavisXVII
1144,Glen Davis,iambigbaby11
1145,Johnny Davis,JohnnyDavis
1146,Kendric Davis,150__KD
1147,JD Davison,jddavison10
1148,Shawn Dawson,ShawnDawson8
1149,Austin Daye,Adaye5
1150,Darius Days,DariusDays3
1151,Gabriel Deck,gabriel_deck
1152,Dewayne Dedmon,d_dedmon3
1153,Vinny Del Negro,VinnyDHoops
1154,Javin DeLaurier,javind_12
1155,Carlos Delfino,cabezadelfino
1156,Matthew Dellavedova,matthewdelly
1157,Cody Demps,CodyDemps
1158,Luol Deng,LuolDeng9
1159,Dexter Dennis,ldl_dex
1160,RayJ Dennis,rayjdennis10
1161,Stephen Dennis,SDennis14
1162,DeMar DeRozan,DeMar_DeRozan
1163,Michael Devoe,mdevoe0
1164,Moussa Diabaté,M0ussaDiabate
1165,Boris Diaw,theborisdiaw
1166,Gradey Dick,gradey_dick
1167,Gorgui Dieng,GorguiDieng
1168,Ousmane Dieng,ousmane1121
1169,Spencer Dinwiddie,SDinwiddie_25
1170,DeSagana Diop,sagana7
1171,Dylan Disu,DylanDisu
1172,Vlade Divac,bgoodvlade
1173,Marcus Domask,marcusdomask
1174,Kristian Doolittle,kristiandoolit1
1175,Ayo Dosunmu,AyoDos_11
1176,Damyean Dotson,wholeteamDot
1177,Devon Dotson,d_dotson1
1178,Jeff Dowtin,JeffD_11
1179,Henri Drell,henridrell
1180,Andre Drummond,AndreDrummond
1181,Chris Duarte,C_Duarte5
1182,Alex Ducas,AlexDucas8
1183,Jared Dudley,JaredDudley619
1184,David Duke Jr.,daviddukejr
1185,Ryan Dunn,almighty_ry3
1186,Bryant Dunston,Bryant_Dunston
1187,Ronald Dupree,RDupree12
1188,Kevin Durant,KDTrey5
1189,Jalen Duren,JalenDuren
1190,Anthony Duruji,Anthony_Duruji
1191,Cleanthony Early,Clearly_BallLyf
1192,Tari Eason,TAR13ASON
1193,Mark Eaton,markeaton7ft4
1194,Jaime Echenique,jaimeechenique
1195,Zach Edey,zach_edey
1196,Carsen Edwards,Cboogie_3
1197,Jesse Edwards,jesseedwards_14
1198,Justin Edwards,Jedwards3_
1199,Kessler Edwards,KesslerEdwards
1200,Kyler Edwards,kyleredwards_
1201,Rob Edwards,robedwardss2
1202,Fuquan Edwin,FuquanEdwin
1203,Nnanna Egwu,egwu_32
1204,CJ Elleby,EllebyCj
1205,Wayne Ellington,WayneEllington
1206,Sean Elliott,seanelliott_32
1207,Boogie Ellis,BoogieEllis
1208,Keon Ellis,Tyrese_Ellis00
1209,Perry Ellis,PElliz
1210,Jon Elmore,elmore33
1211,Joel Embiid,JoelEmbiid
1212,Tristan Enaruna,TristanEnaruna
1213,Alex English,AlexEnglish_2
1214,Kim English,Englishscope24
1215,James Ennis III,JamesDa_Truth
1216,Tyler Ennis,TylerEnnis
1217,Julius Erving,JuliusErving
1218,Aaron Estrada,Aaron4PF_
1219,Tyson Etienne,TheTyEtienne1
1220,Jeremy Evans,JeremyEvans40
1221,Keenan Evans,K3vans12
1222,Reggie Evans,ReggieEvans30
1223,Tyreke Evans,TyrekeEvans
1224,Tosan Evbuomwan,Tosan_Evb
1225,Jarrid Famous,MrFamous_CME
1226,Kenneth Faried,KennethFaried35
1227,Mustapha Farrakhan,lilmu2
1228,Derrick Favors,dfavors14
1229,Carrick Felix,CarrickFelixIMC
1230,Raymond Felton,RFeltonGBMS
1231,Rudy Fernández,rudy5fernandez
1232,Max Fiedler,maxfiedler123
1233,Landry Fields,landryfields
1234,L.J. Figueroa,Lj_Figueroa
1235,Kyle Filipowski,kylefilipowski
1236,Michael Finley,MichaelFinley
1237,Derek Fisher,derekfisher
1238,Adam Flagler,adamflagler
1239,Trentyn Flowers,FlowersTrentyn
1240,Malachi Flynn,malachiflynn
1241,Simone Fontecchio,simofonte13
1242,Aleem Ford,aleemford
1243,Quincy Ford,Qman_12
1244,T.J. Ford,tj_ford
1245,Trent Forrest,TForrest_11
1246,Marcus Foster,Swaggy2_
1247,Michael Foster Jr.,MikeFoster_
1248,Rick Fox,RickFox
1249,Randy Foye,randyfoye
1250,Adonal Foyle,afoyle3131
1251,Steve Francis,SteveFranchise3
1252,Armaan Franklin,unkle44artty
1253,Walt Frazier,WaltFrazier
1254,Jimmer Fredette,jimmerfredette
1255,Enes Freedom,EnesFreedom
1256,Enrique Freeman,EnriqueFreeman_
1257,Javon Freeman-Liberty,JavonFreemanLib
1258,Channing Frye,channingfrye
1259,Alex Fudge,iam_AlexFudge
1260,Andrew Funk,andrewfunk11
1261,Taylor Funk,taylor_swishh
1262,Johnny Furphy,FurphyJohnny
1263,Abdul Gaddy,Gaddy253_
1264,Dan Gadzuric,DGadzuric
1265,Danilo Gallinari,gallinari8888
1266,Jaylin Galloway,
1267,Jakeenan Gant,JakeenanG23
1268,Patrick Gardner,pattygards
1269,Kevin Garnett,KevinGarnett5KG
1270,Diante Garrett,kingarrett10
1271,Marcus Garrett,ImMarcusGarrett
1272,Usman Garuba,Usmangaruba
1273,Luka Garza,LukaG_55
1274,Marc Gasol,MarcGasol
1275,Pau Gasol,paugasol
1276,Kaiser Gates,Kaisergates
1277,Rudy Gay,RudyGay
1278,Andrew Gaze,AndrewGaze10
1279,Alonzo Gee,GeeAlonzo
1280,Keyonte George,keyonte1george
1281,Paul George,Yg_Trece
1282,Daniel Gibson,BooBysWorld1
1283,Taj Gibson,TajGibson
1284,Josh Giddey,joshgiddey
1285,Kendall Gill,kendallg13
1286,Romaro Gill,romarogill1994
1287,Collin Gillespie,Colling1021
1288,Freddie Gillespie,freddieg_33
1289,Artis Gilmore,ArtisGilmore53
1290,Jacob Gilyard,G1LYARD
1291,Manu Ginóbili,manuginobili
1292,Grant Golden,GrantGolden2
1293,Ryan Gomes,GotGomes
1294,Drew Gooden,DrewGooden
1295,Vernon Goodridge,VeEG00D
1296,Dane Goodwin,danegoodwin23
1297,Jordan Goodwin,JGood_0
1298,Aaron Gordon,Double0AG
1299,Eric Gordon,TheofficialEG10
1300,Lance Goulbourne,Lg5live
1301,Kellan Grady,KellanGrady31
1302,Danny Granger,dgranger33
1303,Brian Grant,bwgrant
1304,Horace Grant,horacegrant54
1305,Jerami Grant,JeramiGrant
1306,RaiQuan Gray,Tgray4
1307,Rob Gray,iRob_G
1308,A.C. Green,NBA_Ironman
1309,Danny Green,DGreen_14
1310,Draymond Green,Money23Green
1311,Garlon Green,G650G
1312,Jalen Green,JalenGreen
1313,Jeff Green,unclejeffgreen
1314,Rodney Green,rodneygreen10
1315,AJ Griffin,whoisAG21
1316,Blake Griffin,blakegriffin23
1317,Eric Griffin,EGRIFFDASTORY
1318,Quentin Grimes,qdotgrimes
1319,Quincy Guerrier,quincyguerrier
1320,Mouhamed Gueye,rassoul_gueye
1321,Isaac Haas,theoriginalhaas
1322,Rui Hachimura,rui_8mura
1323,Donta Hall,_DatBoi05
1324,Jordan Hall,jordanhall31
1325,PJ Hall,pjhall020
1326,Tyler Hall,tyler_hall1
1327,Alex Hamilton,ahamilton0
1328,Bryce Hamilton,bham_10
1329,Jordan Hamilton,J_Goin_HAM
1330,Justin Hamilton,Justin__41
1331,Richard Hamilton,ripcityhamilton
1332,Rayshaun Hammonds,shaun_coolin
1333,R.J. Hampton,RjHampton14
1334,Jaylen Hands,JHANDS08
1335,Tyler Hansbrough,THANS50
1336,Travis Hansen,travishansen24
1337,Anfernee Hardaway,Iam1Cent
1338,Tim Hardaway,HardawaySr
1339,Tim Hardaway Jr.,T_HardJR
1340,James Harden,JHarden13
1341,Jaden Hardy,JadenHardy1
1342,Elijah Harkless,ejay_hoops2
1343,Maurice Harkless,moe_harkless
1344,Derek Harper,D_Harp_12
1345,Ron Harper,HARPER04_5
1346,Ron Harper Jr.,__RHJR
1347,Matt Harpring,mharpring15
1348,Josh Harrellson,BigJorts55
1349,Al Harrington,cheddahcheese7
1350,C.J. Harris,cjharris11
1351,Devin Harris,Dev34Harris
1352,Elias Harris,EliasJMHarris
1353,Gary Harris,thats_G_
1354,Kevon Harris,_kevonn22
1355,Manny Harris,313MannyHarris
1356,Mike Harris,TheRealMH33
1357,Ricky Harris,RickyHarris5
1358,Tobias Harris,tobias31
1359,Udonis Haslem,ThisIsUD
1360,Joey Hauser,
1361,Sam Hauser,Big_Smooth10
1362,Spencer Hawes,spencerhawes00
1363,Jordan Hawkins,golive23
1364,Ryan Hawkins,RyanHawkins8
1365,Chuck Hayes,c_hayes44
1366,Jaxson Hayes,hayes_jaxson
1367,Gordon Hayward,gordonhayward
1368,Spencer Haywood,SpencerHaywood
1369,Shane Heal,ShaneHeal
1370,Brandon Heath,bottomsone
1371,Maxwell Heidegger,max_heidegger
1372,Tom Hemans,
1373,Gerald Henderson,GhJr09
1374,Scoot Henderson,thereal013
1375,Taylor Hendricks,tayxhendricks
1376,Jordan Henriquez,TooTall2KnoSo1
1377,Aaron Henry,hennny11
1378,Pierriá Henry,Mnta90289373
1379,Xavier Henry,XavierHenry
1380,John Henson,Johnhenson31
1381,Chris Herren,c_herren
1382,Roy Hibbert,Roy_Meets_World
1383,Ahmed Hill,MED_XIII
1384,George Hill,George_Hill3
1385,Grant Hill,realgranthill33
1386,Malcolm Hill,Malcolmillini21
1387,Solomon Hill,solohill
1388,Blake Hinson,b_hinson21
1389,Jaylen Hoard,JaylenHoard
1390,D'Moi Hodge,Dmoi_VI
1391,Julius Hodge,Follow24Hodge
1392,DJ Hogg,Dj_hogg1
1393,Fred Hoiberg,ISUMayor32
1394,Jrue Holiday,Jrue_Holiday11
1395,Justin Holiday,JustHolla7
1396,Ron Holland,ron2kholland
1397,Lionel Hollins,LionelHollins14
1398,Ryan Hollins,TheRyanHollins
1399,Aric Holman,AricHolman
1400,DaRon Holmes,DaRonagon
1401,Chet Holmgren,ChetHolmgren
1402,Michael Holton,mdhhoops
1403,Michael Holyfield,holybigfella
1404,Caleb Homesley,get_buckets05
1405,Daulton Hommes,dchommes
1406,Rodney Hood,rodneyhood
1407,Jalen Hood-Schifino,jalenhs
1408,Al Horford,Al_Horford
1409,Jeriah Horne,JeriahHorne41
1410,Keith Hornsby,KHornsby4
1411,Caleb Houstan,CalebHoustan
1412,Allan Houston,ALLAN_HOUSTON
1413,Dwight Howard,DwightHoward
1414,Jett Howard,JettHoward5
1415,Juwan Howard,JuwanHoward
1416,Markus Howard,markushoward11
1417,Ron Howard,roho19_
1418,Richard Howell,1richowell
1419,Trevor Hudgins,TrevorHudgins12
1420,Josh Huestis,jhuestis
1421,Jay Huff,jayhuff_
1422,Robbie Hummel,RobbieHummel
1423,Kris Humphries,KrisHumphries
1424,Feron Hunt,feronhunt11
1425,Vince Hunter,2easy32
1426,Bobby Hurley,BobbyHurley11
1427,Matthew Hurt,HurtMatthew
1428,Chandler Hutchison,CmoHutchison
1429,Bones Hyland,BizzyBones11
1430,Oso Ighodaro,_oso_i
1431,Andre Iguodala,andre
1432,Harrison Ingram,Harrisoniingram
1433,Ike Iroegbu,Be_LikeIKE
1434,Kyrie Irving,KyrieIrving
1435,Allen Iverson,alleniverson
1436,Jaden Ivey,IveyJaden
1437,Royal Ivey,ROYALTIVEY
1438,Jarrett Jack,Jarrettjack03
1439,Andre Jackson Jr.,andrejackson111
1440,Bobby Jackson,TheBobbyJackson
1441,GG Jackson II,_ggjackson
1442,Isaiah Jackson,IJackson22
1443,Jim Jackson,jimjackson419
1444,Mark Jackson,MarkJackson13
1445,Quenton Jackson,_flyguyq
1446,Reggie Jackson,Reggie_Jackson
1447,Tamir Jackson,AgentPopJacks
1448,Trayce Jackson-Davis,TrayceJackson
1449,Bernard James,BernardJame5
1450,Josiah-Jordan James,jjjames30
1451,LeBron James,KingJames
1452,Mike James,mikejames7
1453,Matt Janning,mjanning23
1454,Jaime Jaquez Jr.,jaquez_jr
1455,Scoop Jardine,scoopjardine
1456,DeJon Jarreau,LaDeeky
1457,Justin Jaworski,JustinJaworski3
1458,Cory Jefferson,CoryJay34
1459,Damien Jefferson,DJTrey23
1460,Drake Jeffries,drakejeffries
1461,Trey Jemison,TallT_23
1462,Daniss Jenkins,Djenkinss5
1463,John Jenkins,JohnnyCashVU23
1464,Justinian Jessup,justinian_10
1465,Chase Jeter,chasejeter04
1466,Theo John,Theojohn123
1467,AJ Johnson,aj_johnson04
1468,David Johnson,davidjohnson13
1469,Eddie Johnson,Jumpshot8
1470,Jalen Johnson,Jalen_J23
1471,James Johnson,IamJJ16
1472,Javan Johnson,javan_johnson1
1473,Jayce Johnson,
1474,Joe Johnson,TheJoeJohnson7
1475,Keon Johnson,iamkeonjohnson
1476,Keshad Johnson,kj_showtime0
1477,Kevin Johnson,KJ_MayorJohnson
1478,Keyontae Johnson,Keyontae
1479,Magic Johnson,MagicJohnson
1480,Marques Johnson,olskool888
1481,Nino Johnson,NinoJohnson93
1482,Orlando Johnson,OrlandoVJohnson
1483,Reggie Johnson,Regg_42
1484,Robert Johnson,RoJoJr
1485,Tyler Johnson,Pusha650
1486,Wesley Johnson,WesJohnson4
1487,Jarkel Joiner,JarkelJoiner
1488,Peter Jok,Jok_City14
1489,Nikola Jokić,JokicNikola15
1490,Carlik Jones,carlikjones
1491,Colby Jones,kovajoness
1492,Dahntay Jones,dahntay1
1493,Damon Jones,D19J
1494,David Jones,DeiviJones23
1495,Dillon Jones,drizzydj23
1496,Herbert Jones,_hoopinglife
1497,Isaac Jones,_ijonez
1498,K.J. Jones II,only_1kjay
1499,Kai Jones,242_jones
1500,Perry Jones,Perry_Jones1
1501,Spencer Jones,skjones24
1502,Terrence Jones,TerrenceJones1
1503,Tevian Jones,TheReal_TJones
1504,DeAndre Jordan,DeAndre
1505,Cory Joseph,Cory_Joe
1506,Nikola Jovanović,Nik_Jovanovic
1507,Nikola Jović,Jovic_5
1508,Keshawn Justice,tiggo3justice
1509,Johnny Juzang,JohnnyJuzang
1510,Mfiondu Kabengele,Mfiondu
1511,Myck Kabongo,MyckK9
1512,Kenny Kadji,KadjiKenneth
1513,Gabe Kalscheur,GabrielKalsche1
1514,Ismael Kamagate,iampaslong
1515,Chris Kaman,ChrisKaman
1516,Frank Kaminsky,FSKPart3
1517,Yuki Kawamura,KawamuraYuki
1518,Trevor Keels,TrevorKeels
1519,Tidjan Keita,KTidjan
1520,Kylor Kelley,K3LL3Y24
1521,Tre Kelley,TreKel1ey
1522,Ryan Kelly,RyanKelly34
1523,Greg Kelser,gkelser32
1524,Tim Kempton,SunsTK
1525,Steve Kerr,SteveKerr
1526,Walker Kessler,WalkerKessler13
1527,Braxton Key,btwice_11
1528,Jason Kidd,RealJasonKidd
1529,Michael Kidd-Gilchrist,MKG14
1530,Sacha Killeya-Jones,SKJ
1531,Mojave King,Mojaveee
1532,Stacey King,Stacey21King
1533,Taevion Kinsey,KinseyTaevion
1534,Corey Kispert,corey_kispert
1535,Reginald Kissoonlal,ReggieK_
1536,Bobi Klintman,Klintman14
1537,Dalton Knecht,DaltonKnecht3
1538,Brandon Knight,Goodknight11
1539,Brevin Knight,brevinknight22
1540,Bronson Koenig,BronsonK_24
1541,Tyler Kolek,KolekTyler
1542,Christian Koloko,kolokojunior1
1543,Sagaba Konate,sagaba50
1544,Miller Kopp,millerkopp
1545,Balša Koprivica,balsa_koprivica
1546,Kyle Korver,KyleKorver
1547,Kosta Koufos,kostakoufos
1548,Tommy Kuhse,TKuhse2
1549,Jonathan Kuminga,JonathanKuming6
1550,Kyle Kuric,KingKK_14
1551,Christian Laettner,laettnerbball
1552,Doron Lamb,DLamb20
1553,Jeremy Lamb,jlamb
1554,Jock Landale,JockLandale
1555,Jake LaRavia,jacob_laravia3
1556,Shane Larkin,ShaneLarkin_3
1557,Pelle Larsson,PelleLarsson_
1558,Zach LaVine,ZachLaVine
1559,Shane Lawal,2typesofkiller
1560,Andrew Lawrence,Adrlawrence
1561,A.J. Lawson,ItsAJLawson
1562,Dedric Lawson,DSmoove1_2many
1563,Ty Lawson,TyLawson3
1564,Jaedon LeDee,jae_ledee
1565,Courtney Lee,CourtneyLee5
1566,David Lee,Dlee042
1567,Marcus Lee,JustMarcusLee
1568,Alex Len,alexlen
1569,Kawhi Leonard,kawhileonard
1570,Meyers Leonard,MeyersLeonard
1571,Malevy Leons,leonsmalevy
1572,Jon Leuer,JonLeuer30
1573,Jalen Lewis,jalenlewiss
1574,JeQuan Lewis,thatlewiskid1
1575,Justin Lewis,jusbuckets_5
1576,Matt Lewis,matyyl_
1577,Maxwell Lewis,maxwelll2002
1578,Scottie Lewis,Scottie23L
1579,E.J. Liddell,EasyE2432
1580,DeAndre Liggins,Dreliggs34
1581,Damian Lillard,Dame_Lillard
1582,Jeremy Lin,JLin7
1583,Scottie Lindsey,biggshotscott
1584,Dereck Lively II,DereckLively
1585,Isaiah Livers,isaiah__02
1586,Chris Livingston,_chrisliv24
1587,Trent Lockett,T_Lockett24
1588,Kenneth Lofton Jr.,itzjunior35
1589,Brook Lopez,RealBrookLopez
1590,Robin Lopez,rolopez42
1591,Kevin Love,kevinlove
1592,Kyle Lowry,Klow7
1593,Jarod Lucas,jarodlucash
1594,John Lucas,JLEnterprises
1595,John Lucas III,Luke1luk
1596,Gabriel Lundberg,IffeLundberg
1597,Seth Lundy,sethlundy1
1598,Amath M'Baye,Amath22Juice
1599,Lamont Mack,MONT_MACK
1600,Shelvin Mack,ShelvinMack
1601,Mark Madsen,madsen_mark
1602,Corey Maggette,Corey_Maggette
1603,Will Magnay,MagnayWill
1604,Denzel Mahoney,denzel_mahoney
1605,Dan Majerle,DanMajerle
1606,Makur Maker,MakurMaker
1607,Thon Maker,ThonMaker14
1608,Hunter Maldonado,therealhunter24
1609,Karl Malone,TheDeliverer_32
1610,Sandro Mamukelashvili,Mamukelashvili5
1611,Karim Mané,KarimMane_
1612,Kyle Mangas,Kmango2
1613,Tre Mann,tre2mann3
1614,Danny Manning,coachdmanning
1615,Devyn Marble,DevMarble
1616,Stephon Marbury,StarburyMarbury
1617,Vanja Marinković,vanjam32
1618,Shawn Marion,matrix31
1619,Donyell Marshall,Dmarsh42
1620,Kendall Marshall,KButter5
1621,Cartier Martin,CartierMartin
1622,Jaylen Martin,JaylenMartin_1
1623,Kenyon Martin,KenyonMartinSr
1624,KJ Martin,kj__martin
1625,Tyrese Martin,resemartin4
1626,Jamal Mashburn,jamalmashburn
1627,Roger Mason,MoneyMase
1628,Yante Maten,YoungMoney__11
1629,Jordan Mathews,JordanMathews22
1630,Bennedict Mathurin,BennMathurin
1631,Karlo Matković,KarloMatkovic15
1632,Charles Matthews,1CMatthews
1633,Wesley Matthews,WessyWes23
1634,Jason Maxiell,JasonMaxiell
1635,Vernon Maxwell,vernonmaxwell11
1636,Sean May,BigMay42
1637,Luke Maye,luke_maye
1638,Matthew Mayer,MatthewMayer24
1639,Eric Maynor,EMaynor3
1640,Luc Mbah a Moute,mbahamoute
1641,James Michael McAdoo,jamesmcadoo
1642,Miles McBride,deucemcb11
1643,Jared McCain,J_mccain_24
1644,Ray McCallum,RayMac3
1645,Mac McClung,McclungMac
1646,CJ McCollum,CJMcCollum
1647,Caleb McConnell,caleb_mcco
1648,Mickey McConnell,MickeyMcConnell
1649,Tim McCormick,TimMcCormick40
1650,Javante McCoy,javantemccoy13
1651,Kevin McCullar Jr.,Kevin_McCullar
1652,K.J. McDaniels,KJMcDaniels
1653,Doug McDermott,dougmcdermott
1654,Hank McDowell,Skinnypalmer
1655,Mitch McGary,mitchmcgary
1656,JaVale McGee,JaValeMcGee
1657,Darius McGhee,D1McGhee
1658,George McGinnis,HOFMcGinnis30
1659,Gabe McGlothan,GabeMcGlothan5
1660,Bryce McGowens,BryceMcgowens5
1661,Trey McGowens,Trey5mac_
1662,Tracy McGrady,Real_T_Mac
1663,Cameron McGriff,cameron_mcgriff
1664,Rodney McGruder,RodneyMcGruder
1665,Jim McIlvaine,JimMcIlvaine
1666,Kevin McKenna,coachkmc3
1667,JaQuori McLaughlin,Jroc__3
1668,Ben McLemore,BenMcLemore
1669,Liam McMorrow,TheLiamMcMorrow
1670,Jordan McRae,JordyMac52
1671,Josh McRoberts,JoshMcRoberts11
1672,Jack McVeigh,theJackMcVeigh
1673,Jodie Meeks,Jmeeks20
1674,Kennedy Meeks,Asapmeeks03
1675,Nathan Mensah,
1676,Pops Mensah-Bonsu,Pops
1677,Khris Middleton,Khris22m
1678,Mike Miles Jr.,MikeMilesJr_
1679,Brandon Miller,brandmillerr
1680,Darius Miller,DmillerKY
1681,Emanuel Miller,EmanMiller5
1682,Isaiah Miller,isaiahmiller_1
1683,Jordan Miller,Jordan_miller11
1684,Leonard Miller,LeonardMi11er
1685,Mike Miller,MikeMiller_13
1686,Quincy Miller,qmillertime
1687,Reggie Miller,ReggieMillerTNT
1688,Dariq Whitehead,dariq_whitehead
1689,Seth Millner,sethmillner_
1690,Patty Mills,Patty_Mills
1691,Terry Mills,terrymills_
1692,Paul Millsap,Paulmillsap4
1693,Justin Minaya,justin_minaya
1694,Yao Ming,YaoMing
1695,Riley Minix,minixriley
1696,Josh Minott,joshminott
1697,Davion Mintz,deemintz1
1698,Judah Mintz,Jmintz10
1699,Nikola Mirotić,NikolaMirotic33
1700,Yves Missi,Yves_missi
1701,Ajay Mitchell,ajaymitchell09
1702,Davion Mitchell,hoopculture13
1703,Sam Mitchell,SamMitchellNBA
1704,Tony Mitchell,TonyMitchUNENO
1705,Tony Mitchell,tmitch_5
1706,Evan Mobley,evanmobley
1707,Isaiah Mobley,MobleyIsaiah
1708,Egidijus Mockevičius,Egidijus55
1709,Jonathan Mogbo,j_mogbo
1710,Aminu Mohammed,Aminumo2424
1711,Nazr Mohammed,NazrMohammed
1712,Iverson Molinar,MolinarIverson3
1713,Chima Moneke,Chimdogg_
1714,Greg Monroe,M10OSE
1715,E.J. Montgomery,EJMontgomery23
1716,Moses Moody,mosesmoody
1717,Xavier Moon,xavier_moon
1718,Matt Mooney,Matt_M_Mooney
1719,E'Twaun Moore,ETwaun55
1720,Omari Moore,omari_moore13
1721,Taze Moore,TazeMoore
1722,Wendell Moore Jr.,thewendellmoore
1723,Carlos Morais,
1724,Jeremy Morgan,jmodashow20
1725,Darius Morris,dariusmorris4
1726,Marcus Morris,MookMorris2
1727,Markieff Morris,Keefmorris
1728,Anthony Morrow,MrAnthonyMorrow
1729,Darryl Morsell,410D_
1730,Johnathan Motley,Moneymot5
1731,Arnett Moultrie,amoultrie
1732,Emmanuel Mudiay,emmanuelmudiay
1733,Shabazz Muhammad,ShabazzMuhammad
1734,Ade Murkey,0_murk
1735,Grayson Murphy,_GraysonMurphy_
1736,Jordan Murphy,jordanmurphy24
1737,Kamari Murphy,21__louie
1738,Trey Murphy III,treymurphy
1739,Keegan Murray,keegan3murray
1740,Kris Murray,KrisMurray24
1741,Tracy Murray,RealTracyMurray
1742,Toure' Murry,toure_murry
1743,Dikembe Mutombo,officialmutombo
1744,Hamady N'Diaye,H55ndiaye
1745,Abdel Nader,AbdelNader2
1746,Pete Nance,peteln22
1747,Shabazz Napier,ShabazzNapier
1748,Steve Nash,SteveNash
1749,Jameer Nelson,jameernelson
1750,Andrew Nembhard,AndrewNembhard
1751,RJ Nembhard Jr.,RubeNembhard
1752,Johnny Newman,jnewNBA
1753,Tristen Newton,d1tristen
1754,Joirdon Karl Nicholas,_fahlip_
1755,Andrew Nicholson,nicholaf44
1756,Daishen Nix,djfromveg
1757,Norm Nixon,NormNixon
1758,Joakim Noah,JoakimNoah
1759,Andrés Nocioni,SoyElChapu
1760,Obadiah Noel,Obenoel1
1761,Landers Nolley II,NolleyLanders
1762,Miles Norris,milesbnorris15
1763,Steve Novak,stevenovak16
1764,Markquis Nowell,MrNewYorkCityy
1765,Dirk Nowitzki,swish41
1766,Juan Nunez,juaan_ng
1767,Kendrick Nunn,nunnbetter_
1768,James Nunnally,allornunn21
1769,David Nwaba,dnwaba0
1770,Yannick Nzosa,yannick_nzosa
1771,Patrick O'Bryant,13POB13
1772,Alex O'Connell,Alex_OC11
1773,Shaquille O'Neal,SHAQ
1774,Shareef O'Neal,SSJreef
1775,Kyle O'Quinn,Kyle_OQuinn
1776,Kevin Obanor,_KevinObanor
1777,Chris Obekpa,Ewa_oche
1778,Lamar Odom,RealLamarOdom
1779,Josh Oduro,josh_oduro
1780,Chamberlain Oguchi,ChampOguchi
1781,Semi Ojeleye,semi
1782,Emeka Okafor,BigMek50
1783,Jahlil Okafor,JahlilOkafor
1784,Onyeka Okongwu,BigO21_
1785,Mehmet Okur,MehmetOkur13
1786,Victor Oladipo,VicOladipo
1787,Hakeem Olajuwon,DR34M
1788,Quincy Olivari,quincyolivari
1789,Kelly Olynyk,KellyOlynyk
1790,Nuni Omot,nuniomot21
1791,Nick Ongenda,itsnxo
1792,E.J. Onu,ej35_
1793,Arinze Onuaku,arinze_onuaku
1794,Daniel Orton,danielorton21
1795,Gabe Osabuohien,loadyg__
1796,Tariq Owens,Sneaky_Bounce
1797,Jaysean Paige,born_ready0
1798,Kevin Pangos,KPangos
1799,Jannero Pargo,jpargo1
1800,Anthony Parker,_AnthonyParker
1801,Jabari Parker,JabariParker
1802,Tony Parker,tonyparker
1803,Chandler Parsons,ChandlerParsons
1804,Devonte Patterson,devontedawayne
1805,Lamar Patterson,LP21_
1806,Patrick Patterson,pdpatt
1807,Chris Paul,CP3
1808,Adreian Payne,Adreian_Payne
1809,Elfrid Payton,elfrid
1810,Gary Payton,GaryPayton
1811,L.J. Peak,ljpeak2
1812,Sam Peek,speek_12
1813,Elijah Pemberton,ElijahPemberto1
1814,Will Perdue,Will_Perdue32
1815,Josh Perkins,JoshPerk13
1816,Reggie Perry,_R1bang_
1817,Jim Petersen,JimPeteHoops
1818,Drew Peterson,Drewpeterson23
1819,Morris Peterson,mopete24
1820,Travis Peterson,TPeterson42
1821,Luke Petrasek,Luke_Petrasek
1822,John Petrucelli,John_Petrucelli
1823,Filip Petrušev,PetrusevFilip
1824,John Petty Jr.,jpetty2324
1825,Julian Phillips,ju1ianphillips
1826,Jalen Pickett,JalenPickett7
1827,Jamorko Pickett,JamorkoP1
1828,Paul Pierce,paulpierce34
1829,Nate Pierre-Louis,Nate_PL
1830,Scottie Pippen,ScottiePippen
1831,Scotty Pippen Jr.,spippenjr
1832,Daeqwon Plowden,DaeqwonPlowden
1833,Mason Plumlee,masonplumlee
1834,Miles Plumlee,milesplumlee13
1835,Brandin Podziemski,brandinpodziem2
1836,Tyler Polley,Tyler_polleyyy
1837,Olden Polynice,OldenPolynice1
1838,Quincy Pondexter,QuincyPondexter
1839,Yves Pons,Airpons
1840,Craig Porter Jr.,craigporter0
1841,Jontay Porter,JontayPorter
1842,Otto Porter Jr.,OttoPorter
1843,Micah Potter,BigJam_23
1844,Leon Powe,Leon_Powe
1845,Dwight Powell,DwightPowell33
1846,Josh Powell,JP21Reasons
1847,Justin Powell,jtpowell241
1848,Myles Powell,YDWILU
1849,Matt Pressey,M_Pressive3
1850,Phil Pressey,philpressey
1851,Billy Preston,nolimitbill
1852,Jason Preston,Treballjay11
1853,A.J. Price,realAJPrice
1854,Mark Price,Mark25Price
1855,Joshua Primo,JoshuaPrimo4
1856,Gabriele Procida,GabrieleProcid9
1857,Laron Profit,Profit4eva
1858,Olivier-Maxence Prosper,olmaxpros8
1859,Zyon Pullin,Zyonpullin2
1860,Neemias Queta,nemi1599
1861,Lester Quiñones,Effort_les
1862,Brandon Rachal,breezy_thegreat
1863,Kyle Randall,KRandy_12
1864,Julius Randle,J30_RANDLE
1865,Anthony Randolph,TheARandolph
1866,Brandon Randolph,brandolph902
1867,Zach Randolph,MacBo50
1868,Theo Ratliff,shotblocker42
1869,Leo Rautins,LeoRautins
1870,Duop Reath,DuopReath
1871,JJ Redick,jj_redick
1872,Alex Reese,alexxreese18
1873,A.J. Reeves,ajreeves11
1874,Antonio Reeves,toniooreeves
1875,Travis Releford,T_2releFOUR
1876,Nate Renfro,nate_renfro
1877,Cameron Reynolds,CamoCinco
1878,Jared Rhoden,ihoop_jaay
1879,Glen Rice,glenrice41
1880,Sir'Jabari Rice,_jabariii
1881,Patrick Richard,prichard_3
1882,Jason Richardson,jrich23
1883,Quentin Richardson,QRich
1884,Akeem Richmond,shottdocc1
1885,Mitch Richmond,MitchRichmond23
1886,Grant Riller,grantriller97
1887,Zaccharie Risacher,Zacch_10
1888,Austin Rivers,AustinRivers25
1889,Doc Rivers,DocRivers
1890,Liam Robbins,liamrobbins_
1891,Andre Roberson,FlyDre21
1892,Nate Roberts,naterobertssss
1893,Ronald Roberts,RonaldRoberts5
1894,Clifford Robinson,UncleCliffy30
1895,David Robinson,DavidtheAdmiral
1896,Gerald Robinson,GRJR22
1897,Nate Robinson,nate_robinson
1898,Orlando Robinson,lamon_legend
1899,Thomas Robinson,Trobinson0
1900,Glenn Robinson III,GRIII
1901,Jeremiah Robinson-Earl,ThisIsJRE
1902,David Roddy,droddy22
1903,Desi Rodriguez,desirodriguez6
1904,Sergio Rodríguez,SergioRodriguez
1905,Ryan Rollins,_moneyballry
1906,Rajon Rondo,RajonRondo
1907,Derrick Rose,drose
1908,Jalen Rose,jalenrose
1909,Quinton Rose,qrose_3
1910,Terrence Ross,TerrenceRoss
1911,Jackson Rowe,JacksonRaw
1912,Ricky Rubio,rickyrubio9
1913,Rayan Rupert,rayanrupert12
1914,Brandon Rush,BRush_25
1915,Kareem Rush,kareemrush
1916,Bill Russell,realbillrussell
1917,Bryon Russell,BRuss3
1918,Matt Ryan,Matt_Ryan04
1919,Robert Sacre,Bobby_Sacre
1920,Tidjane Salaün,TidjaneSalaun
1921,John Salley,thejohnsalley
1922,Jermaine Samuels,J_Swizz23
1923,Jamarr Sanders,2_E_A_Z_Y
1924,Larry Sanders,l8show_thegoat
1925,Babacar Sané,Babacar_ossoko
1926,Adama Sanogo,
1927,Gui Santos,guisantos_4
1928,Dario Šarić,dariosaric
1929,Alex Sarr,alexandresarr_
1930,Olivier Sarr,sarr_olivier
1931,Marcus Sasser,m_sasser0
1932,Wesley Saunders,shyxxm
1933,Brian Scalabrine,Scalabrine
1934,Jordan Schakel,jordanschakel
1935,Baylor Scheierman,playforhim3
1936,Detlef Schrempf,Dschrempf
1937,Luis Scola,LScola4
1938,Dennis Scott,dennis3dscott
1939,Mike Scott,mikescott
1940,Tre Scott,trescott13
1941,Dereon Seabron,DBSeabron1
1942,Jeremy Senglin,Jsenglin_30
1943,Alperen Şengün,alperennsengun
1944,Brice Sensabaugh,bricepsensa
1945,Ramon Sessions,SessionsRamon
1946,Nate Sestina,NateSestina23
1947,Jaden Shackelford,jayunooo
1948,Terrence Shannon Jr.,sn1per_t
1949,Jamarion Sharp,Jaammaarion
1950,Day'Ron Sharpe,dayron_sharpe
1951,Shaedon Sharpe,ShaedonSharpe
1952,Jamal Shead,thejshead
1953,Ben Sheppard,shepben2
1954,Reed Sheppard,reed_sheppard
1955,Simisola Shittu,LanX_Sims
1956,Devontae Shuler,Devontae_Shuler
1957,Iman Shumpert,imanshumpert
1958,Luke Sikma,LCSikma43
1959,Bobby Simmons,bobbysimmons21
1960,Aamir Simms,EarlShmitty_
1961,Justin Simon,simon_Says_so
1962,Marko Simonovic,simke12
1963,KJ Simpson,ksimpsonjr
1964,Henry Sims,H_Sims14
1965,Jaylen Sims,jaylen_sims
1966,Kyle Singler,KyleSingler
1967,Chris Singleton,C_SING31
1968,David Singleton,davesingleton34
1969,Peyton Siva,PeypeySiva3
1970,Brandon Slater,jbrandonslater
1971,A.J. Slaughter,ajslaughter8
1972,Jalen Slawson,jalenslawson
1973,Tamar Slay,slay9
1974,Donald Sloan,dsloan15
1975,Javonte Smart,JavonteSmart
1976,Marcus Smart,smart_MS3
1977,Chris Smith,SCS599
1978,Craig Smith,Csmeezy1
1979,Dru Smith,dru_smith_12
1980,Greg Smith,Ju_Smith4
1981,Ish Smith,IshSmith
1982,J.R. Smith,TheRealJRSmith
1983,Jabari Smith Jr.,jabarismithjr
1984,Jason Smith,JasonSmith014
1985,Joe Smith,JoeBeast95
1986,Justin Smith,justinsmith3_
1987,Kenny Smith,TheJetOnTNT
1988,Malachi Smith,maliworld11
1989,Nick Smith Jr.,lif3nick
1990,Scoochie Smith,scoochstackin
1991,Steve Smith,steve21smith
1992,Terquavion Smith,Tgetsbuckss23
1993,Tolu Smith,ToluSmith1
1994,Tony Smith,AnalystTSmith34
1995,Tyler Smith,tksmith1104
1996,Zach Smith,SuperDuperZach
1997,Michael Snaer,MichaelSnaer21
1998,Xavier Sneed,Luh_Sneed
1999,Tony Snell,TonySnell21_
2000,Jeremy Sochan,JeremySochan
2001,Joel Soriano,joelsoriano22
2002,Edgar Sosa,Edgarsosa10
2003,Matteo Spagnolo,SpagnoloMatteo9
2004,Marreese Speights,Mospeights16
2005,Tiago Splitter,tiagosplitter
2006,Larry Spriggs,spriggy35
2007,Jaden Springer,JadenSpringer11
2008,Jerry Stackhouse,jerrystackhouse
2009,Chace Stanback,ChaceStanback
2010,Terence Stansbury,360StatueofLibe
2011,John Starks,StarksTheDunk
2012,Juwan Staten,JuwanStaten3
2013,Nik Stauskas,NStauskas11
2014,Jake Stephens,jakestephens0
2015,Lance Stephenson,StephensonLance
2016,Isaiah Stevens,isaiahstevens7
2017,Erik Stevenson,ej_stevenson5
2018,DJ Steward,djstewardd
2019,D.J. Stewart Jr.,djstewart187
2020,Elijah Stewart,Lou_weezy_ana
2021,Greg Stiemsma,gregstiemsma
2022,Jarnell Stokes,JarnellStokes
2023,Julyan Stone,Julyan_Stone
2024,Julian Strawther,JulianStrawther
2025,Dexter Strickland,BadenJaxen_
2026,Rod Strickland,rod_strickland
2027,Garrett Stutz,Gstutz41
2028,Jalen Suggs,jalensuggs
2029,Jared Sullinger,Jared_Sully0
2030,Edmond Sumner,EdmondSumner
2031,Maurice Sutton,LordSuttonJr
2032,Devin Sweetney,DSweetney1
2033,Cole Swider,coleswider21
2034,Craig Sword,Chicksword3232
2035,Wally Szczerbiak,wallyball
2036,Chris Taft,BlessedTaft
2037,Anthony Tarke,AnthonyTarke
2038,Terry Taylor,TerryTaylor21
2039,Tony Taylor,2cooltone
2040,Tyshawn Taylor,tyshawntaylor
2041,Jeff Teague,Teague0
2042,MaCio Teague,_MrDoWork
2043,Marquis Teague,marquisteague25
2044,Sebastian Telfair,BassyS31T
2045,Garrett Temple,GTemp17
2046,Jared Terrell,TheJaredTerrell
2047,Dalen Terry,DalenTerry
2048,Jason Terry,jasonterry31
2049,Jon Teske,JonTeske
2050,Hasheem Thabeet,HasheemTheDream
2051,Xavier Thames,Xthames2
2052,Reggie Theus,ReggieTheus
2053,Adonis Thomas,AllDayThomas
2054,Brodric Thomas,BT3bvckets
2055,Cam Thomas,24_camthomas
2056,Isaiah Thomas,isaiahthomas
2057,Isiah Thomas,IsiahThomas
2058,Lance Thomas,MrLance42
2059,Rashawn Thomas,Sobeastly_25
2060,Ethan Thompson,_ethanthompson5
2061,Jason Thompson,jtthekid
2062,Klay Thompson,KlayThompson
2063,Mychal Thompson,champagnennuts
2064,Ryan Thompson,RyT5
2065,Trevor Thompson,TrevBallinTrey2
2066,Tristan Thompson,RealTristan13
2067,JT Thor,thorrjt
2068,Al Thornton,AThornton14
2069,Marcus Thornton,OfficialMT23
2070,Justin Tillman,JTillman23
2071,Jeremiah Tilmon,jeremiahtilmon_
2072,Drew Timme,
2073,Tres Tinkle,tres_tinkle3
2074,Jamaal Tinsley,jatinsley
2075,Isaiah Todd,zaytodd
2076,J.P. Tokoto,AirPierreTokoto
2077,Anthony Tolliver,ATolliver44
2078,Keisei Tominaga,KeiseiTominaga
2079,Nae'Qwan Tomlin,Nae_Ratty
2080,Au'Diese Toney,thefuturetoney
2081,Jacob Toppin,Jtoppin0
2082,Armel Traoré,Armel_Traor35
2083,Luke Travers,luke_travers
2084,Reid Travis,2ReidTravis2
2085,Travis Trice,Ttrice20
2086,Oscar Tshiebwe,Oscartshiebwe34
2087,Ąžuolas Tubelis,azuolaz10
2088,Jordan Tucker,1jtucker
2089,Rayjon Tucker,th3flighttuck
2090,Ryan Turell,
2091,Ronny Turiaf,Ronny_Turiaf
2092,Evan Turner,thekidet
2093,Breein Tyree,Breeintyree
2094,Hunter Tyson,h_tyson5
2095,Jaylon Tyson,jaylontyson
2096,Chris Udofia,dofboyfresh34
2097,Ekpe Udoh,EkpeUdoh
2098,Stanley Umude,StanleyUmude_
2099,Robert Upshaw,UPSHAW50
2100,Jonas Valančiūnas,JValanciunas
2101,Vincent Valerio-Bodon,Gekko_27
2102,Nick Van Exel,vanexel31
2103,Jordan Vandenberg,JVanden7_1
2104,Jarvis Varnado,RealSwat32
2105,Dejan Vasiljevic,3jvasiljevic
2106,Greivis Vásquez,greivisvasquez
2107,Christian Vital,I_AMCV
2108,Nikola Vučević,NikolaVucevic
2109,Tristan Vukcevic,Vukcevic113
2110,Dwyane Wade,DwyaneWade
2111,Von Wafer,vonwafer13
2112,Franz Wagner,franzboogie
2113,Ish Wainright,Wainright24
2114,Dion Waiters,dionwaiters3
2115,Antoine Walker,WalkerAntoine8
2116,Jabari Walker,JabariWalker
2117,Jarace Walker,jaracew
2118,Jordan Walker,jellyfam_j
2119,Kemba Walker,KembaWalker
2120,M.J. Walker,Mjwalker_23
2121,John Wall,JohnWall
2122,Cason Wallace,wallace_cason
2123,Keaton Wallace,KeatonWallace22
2124,Tyrone Wallace,TyWallace661
2125,Jordan Walsh,jordanwalshlife
2126,Ja'Kobe Walter,JaKobeWalter1
2127,Bill Walton,BillWalton
2128,Kel'el Ware,kelelware
2129,Bryson Warren,Hesifambryson
2130,T.J. Warren,TonyWarrenJr
2131,Hakim Warrick,hdubb21
2132,Julian Washburn,smoothlikeju
2133,Duane Washington Jr.,dwizthekid4
2134,TyTy Washington Jr.,tytywashington3
2135,Warren Washington,5warrenw
2136,Dominic Waters,DomWaters7
2137,Lindy Waters III,LindyWatersIII
2138,Trendon Watford,trendonw
2139,Anton Watson,twonster4080
2140,C.J. Watson,quietstorm_32
2141,Earl Watson,Earl_Watson
2142,Ibi Watson,ibi_watson_2
2143,Peyton Watson,peytonwatson_
2144,Maalik Wayns,MaalikWayns2
2145,Chris Webber,realchriswebber
2146,Romeo Weems,romeoweems_uno
2147,Bonzi Wells,BonziWells
2148,Jaylen Wells,jaylen_wells
2149,Victor Wembanyama,
2150,Bill Wennington,34billy42
2151,Blake Wesley,blakewesley0
2152,Kaleb Wesson,Elite_Hooper99
2153,David West,D_West30
2154,Mark West,mwest41
2155,Charlie Westbrook,C_Westbrook1
2156,Russell Westbrook,russwest44
2157,Isaiah Whaley,IsaiahWhaley
2158,Phillip Wheeler,pjwheeler04
2159,Fabian White Jr.,3five_
2160,Jack White,5jackwhite
2161,Terrico White,TerricoWhite5
2162,Cam Whitmore,_camwhitmore_
2163,Greg Whittington,Built4Bucketz
2164,Joe Wieskamp,JWieskamp21
2165,Aaron Wiggins,Aaron_Wiggins_
2166,Andrew Wiggins,22wiggins
2167,Lindell Wigginton,Lwigginton5
2168,C.J. Wilcox,UCjwilcox23W
2169,Damien Wilkins,dwilkins3000
2170,Dominique Wilkins,DWilkins21
2171,Isaiah Wilkins,isaiahwilkins21
2172,Alondes Williams,moneymanman31
2173,Brandon Williams,TheeBWill
2174,Bryson Williams,Bwillington11
2175,Deron Williams,DeronWilliams
2176,Derrick Williams,DWXXIII
2177,Donovan Williams,STGDwill
2178,Elliot Williams,ewill901
2179,JaCorey Williams,_JWilliams22
2180,Jalen Williams,JdubPSCEO
2181,Jay Williams,RealJayWilliams
2182,Jaylin Williams,Jay_MWilliams_
2183,Jaylin Williams,iso__jaywill
2184,Jerome Williams,JunkYardDogJW
2185,KJ Williams,kjwill1am2
2186,Mark Williams,MarkWi1liams
2187,Mo Williams,mowilliams
2188,Reggie Williams,reggiew55
2189,Shelden Williams,SheldenWilliams
2190,T.J. Williams,GogettaTJWill
2191,Trevion Williams,twill___
2192,Vince Williams Jr.,Vincentwiliams
2193,Ziaire Williams,therealZiaire
2194,Lucas Williamson,lucasw2424
2195,Derek Willis,derekxwillis
2196,Bryce Wills,Bryce_Wills5
2197,Jalen Wilson,thejalenwilson
2198,Dylan Windler,Dylan_Windler23
2199,Dave Winfield,DaveWinfieldHOF
2200,Cassius Winston,cassiuswinston
2201,James Wiseman,BigTicket_JW
2202,Todd Withers,DatDude_Todd
2203,Jeff Withey,JeffWithey
2204,Nate Wolters,NateWolters
2205,Isaiah Wong,zaywong21
2206,Moses Wood,Mo_Birdy
2207,Renaldo Woolridge,Swiperboy
2208,James Worthy,JamesWorthy42
2209,Brandan Wright,bwright34
2210,Chris Wright,flyght33wright
2211,Dorell Wright,DWRIGHTWAY1
2212,McKinley Wright IV,kin_wright25
2213,Moses Wright,mant12_
2214,Tony Wroten,TWroten_LOE
2215,Khalif Wyatt,KhalifW05
2216,Ding Yanyuhang,OfficialDing8
2217,B.J. Young,bjyoung_money11
2218,Jahmir Young,Flyymir_
2219,James Young,realjamesyoung
2220,Michael Young,Showwtimee2
2221,Nick Young,NickSwagyPYoung
2222,Thaddeus Young,yungsmoove21
2223,Rade Zagorac,zagorac_rade
2224,Marcus Zegarowski,MZegarowski1
2225,Nick Zeisloft,n_zeis2
2226,Cody Zeller,CodyZeller
2227,Tyler Zeller,ZellerTyler
2228,Tomislav Zubčić,TomislavZubcic7